ReferralSource,UniqueCustomers,Orders,TotalRevenue,AverageOrderValue
Instagram,257,259,275262.1075,1062.7880598455597
Email,250,250,261682.5575,1046.73023
Google,241,241,250401.6875,1039.011151452282
Facebook,228,228,250213.48,1097.4275438596492
Referral,221,222,226811.9875,1021.6756193693693
