PaymentMethod,Orders,TotalRevenue,AverageOrderValue
Credit Card,234,263847.63,1127.5539743589743
Online,258,262216.6125,1016.3434593023255
Cash,246,259731.7975,1055.8203150406503
Gift Card,230,246218.1925,1070.5138804347825
Debit Card,232,232357.5875,1001.5413254310345
