Product,Orders,TotalRevenue,AverageOrderValue,TotalQuantity
Printer,181,195585.675,1080.5838397790055,542
Chair,178,195565.6175,1098.6832443820224,562
Laptop,173,192044.175,1110.0819364161848,535
Tablet,179,186403.165,1041.3584636871508,497
Monitor,163,175590.8675,1077.2445858895705,480
Desk,170,167459.93,985.0584117647059,508
Phone,156,151722.39,972.5794230769231,411
